skill_name,alias
ABAP,ABAP Programming Techniques
ABAP,ABAP software development
ABAP,ABAP software techniques
adapt to changes in technological development plans,adapt development activities of technological projects
adapt to changes in technological development plans,adapt the design of technological projects
adapt to changes in technological development plans,adapt to changes in strategies for technological projects
adapt to changes in technological development plans,meet organisational needs for technological projects
Adobe Illustrator,Adobe Illustrator CC
Adobe Photoshop,Adobe Photoshop CC
Agile development,Agile Development Environment
Agile development,Agile development framework
Agile development,Agile frameworks
Agile development,Agile scrum development framework
Agile development,Agile software development
Agile development,Agile software development methods
Agile development,Agile Software Development Practices
Agile development,Agile software environment
Agile project management,Agile management software
AJAX,AJAX software
AJAX,AJAX techniques
AJAX,AJAX technology
Ajax Framework,AJAX Development Environments
Ajax Framework,Ajax Framework components
Ajax Framework,Ajax Framework features
Ajax Framework,Ajax Framework features for web applications development
Ajax Framework,AJAX Framework Features for Web Development
Ajax Framework,AJAX Framework for Web Application Development
Ajax Framework,Ajax Framework for web applications development
Ajax Framework,Ajax software development environments
analyse business requirements,analyse customer product risks
analyse business requirements,analyze business requirements
analyse business requirements,business requirements analysis
analyse software specifications,analyse software or system specifications
analyse software specifications,assess software specifications
analyse software specifications,assess software systems
analyse software specifications,evaluate software design specification
analyse software specifications,examine software requirements
Ansible,Ansible automation tool
Apache Maven,Maven
APL,APL programming paradigms
application usability,software usability
apply systemic design thinking,apply combined system design
apply systemic design thinking,apply combined system thinking methodologies
apply systemic design thinking,apply combined systemic design
apply systemic design thinking,use system design
apply systemic design thinking,use systemic design
ASP.NET,ASP.NET framework
Assembly (computer programming),Assembly
Assembly (computer programming),Assembly algorithms
Assembly (computer programming),Assembly computer programming paradigms
Assembly (computer programming),Assembly software development principles
Assembly (computer programming),Assembly software development techniques
assess users' interaction with ICT applications,analyse how users interact with ICT applications
augmented reality,AR
augmented reality,AR creation process
augmented reality,AR techniques
augmented reality,augmented reality creation process
augmented reality,augmented reality techniques
behavioural science,behavioral research
behavioural science,psychology of behavior
behavioural science,study of human behavior
build business relationships,assemble business relationships
build business relationships,build a business relationship
build business relationships,building business relationships
build business relationships,construct business relationships
build business relationships,devise business relationships
build business relationships,produce business relationships
build business relationships,set up business relationships
business process modelling,BPMN
business process modelling,business process modeling
business process modelling,process modelling
C#,C Sharp
C++,C++ framework
C++,C++ software
COBOL,COBOL applications
COBOL,COBOL programming language
COBOL,COBOL software
CoffeeScript,CoffeeScript algorithms
CoffeeScript,CoffeeScript coding techniques
CoffeeScript,CoffeeScript programming paradigms
CoffeeScript,CoffeeScript software development principles
CoffeeScript,CoffeeScript software development techniques
cognitive psychology,human cognitive psychology
collaborate with designers,collaborate with designer
collaborate with designers,collaborating with designers
collaborate with designers,cooperate with designers
collaborate with designers,network with designers
collaborate with designers,team up with designers
collaborate with designers,work together with designers
collect customer feedback on applications,analyse business objectives and customer interests
Common Lisp,Common Lisp programming language
compose description for web elements,create content for web elements
compose description for web elements,write description for web elements
computer programming,ActionScript
computer programming,Ada
computer programming,ALGOL
computer programming,AngularJS
computer programming,AppleScript
computer programming,AspectJ
computer programming,AWK
computer programming,bash
computer programming,BCPL
computer programming,BizTalk
computer programming,C shell
computer programming,Caml
computer programming,Ceylon
computer programming,ColdFusion
computer programming,COMAL
computer programming,cT
computer programming,Curl
computer programming,DIBOL
computer programming,Dylan
computer programming,Emacs Lisp
computer programming,Euphoria
computer programming,Fantom
computer programming,Fortran
computer programming,GCC
computer programming,Gosu
computer programming,Hack
computer programming,HyperTalk
computer programming,IDL
computer programming,INTERCAL
computer programming,Io
computer programming,KnockoutJS
computer programming,Korn-shell
computer programming,LabVIEW
computer programming,Lua
computer programming,MSVC++
computer programming,Object Pascal
computer programming,OCaml
computer programming,occam
computer programming,OpenCV
computer programming,PL/I
computer programming,PostScript
computer programming,PowerShell
computer programming,Rebol
computer programming,REXX
computer programming,Seed7
computer programming,Squirrel-script
computer programming,STL
computer programming,Subversion
computer programming,TACL
computer programming,Tcl
computer programming,Turing
computer programming,Visual Basic .NET
computer programming,X10
computer programming,Z shell
conduct content quality assurance,implement content quality control
conduct content quality assurance,perform quantent quality assessment
conduct qualitative research,apply qualitative research methods
conduct quantitative research,apply quantitative research methods
conduct research interview,administer research interviews
conduct research interview,conduct interview based research
content development processes,content production processes
content development processes,content production techniques
create flowchart diagram,build flow diagram
create flowchart diagram,build flowchart
create flowchart diagram,compose flow chart
create flowchart diagram,compose flow diagram
create flowchart diagram,design flow chart
create flowchart diagram,design flow diagram
create flowchart diagram,develop flow chart
create flowchart diagram,develop flow diagram
create flowchart diagram,generate flow chart
create flowchart diagram,generate flow diagram
create prototype of user experience solutions,UX
create software design,create application design
create website wireframe,develop website wireframe
create website wireframe,set up website wireframe
debug software,analyse testing results for incorrect software output
debug software,fix computer code for software
debug software,locate defects causing unexpected software output
debug software,repair computer code for software
define technical requirements,gather technical requirements
define technical requirements,jot down technical specifications in a list
define technical requirements,make a list of technical aspects
define technical requirements,write technical specifications
define technical requirements,write up a list of technical specifications
define technical requirements,write up a technical specifications' list
define technical requirements,write up technical specifications in a list
design graphics,apply graphic design techniques
design graphics,create graphic material
design interaction model,design skills for interaction model
design interaction model,design virtual assistant skills
design interaction model,develop interaction model
design process,design-to-cost process
design process,process design
design user interface,design user interface specifications
design user interface,design user interfaces
design web-based courses,design online classes
design web-based courses,prepare online classes
develop creative ideas,create creative ideas
develop creative ideas,developing creative ideas
develop creative ideas,generate creative ideas
develop creative ideas,produce creative ideas
develop software prototype,develop software mockup
develop software prototype,develop software throw-away simulation
DevOps,DevOps based software development
DevOps,DevOps development
DevOps,DevOps methodology
domain name service,DNS
domain name service,DNS server
draw design sketches,create design sketches
Drupal,Drupal CMS
Drupal,Drupal content management system
Drupal,Drupal web platform
Eclipse (integrated development environment software),Eclipse
Eclipse (integrated development environment software),Eclipse IDE
Eclipse (integrated development environment software),knowledge of Eclipse
enhance website visibility,website marketing
Erlang,Erlang programming language
establish customer rapport,build customer rapport
establish customer rapport,create customer rapport
establish customer rapport,establish a customer rapport
establish customer rapport,establishing a customer rapport
establish customer rapport,establishing customer rapport
establish customer rapport,institute customer rapport
establish customer rapport,start customer rapport
execute ICT user research activities,carry out ICT user research
forecast future ICT network needs,estimate future ICT network needs
forecast future ICT network needs,foresee future ICT network demands
GIMP (graphics editor software),GIMP
GIMP (graphics editor software),GIMP for digital editing
GIMP (graphics editor software),GIMP for graphics composition
GIMP (graphics editor software),GIMP software
GIMP (graphics editor software),GNU Image Manipulation Program
graphics editor software,Ability Photopaint
graphics editor software,ACD Canvas
graphics editor software,Apache OpenOffice Draw
graphics editor software,ArcSoft PhotoImpression
graphics editor software,ArtRage
graphics editor software,Balsamiq
graphics editor software,Chasys Draw IES
graphics editor software,CinePaint
graphics editor software,CodedColor
graphics editor software,Color It!
graphics editor software,Corel Painter Essentials
graphics editor software,Corel Photo-Paint
graphics editor software,cosmigo Pro Motion
graphics editor software,Darktable
graphics editor software,DigiKam
graphics editor software,Embroidermodder
graphics editor software,Erdas Imagine
graphics editor software,F-Spot
graphics editor software,FastStone Image Viewer
graphics editor software,Fatpaint
graphics editor software,Fotografix
graphics editor software,G'MIC
graphics editor software,GimPhoto
graphics editor software,GIMPshop
graphics editor software,GrafX2
graphics editor software,GraphicConverter
graphics editor software,GraphicsMagick
graphics editor software,ImageMagick
graphics editor software,Inkscape
graphics editor software,IrfanView
graphics editor software,Iridient Developer
graphics editor software,KolourPaint
graphics editor software,LazPaint
graphics editor software,LibreOffice Draw
graphics editor software,LightZone
graphics editor software,LView Pro
graphics editor software,Macromedia FreeHand
graphics editor software,NeoPaint
graphics editor software,OmniGraffle
graphics editor software,Paint.NET
graphics editor software,Phatch
graphics editor software,Photo Mechanic
graphics editor software,Photogenics
graphics editor software,PhotoPerfect
graphics editor software,PhotoScape
graphics editor software,Picasa
graphics editor software,PicMonkey
graphics editor software,Pictor Paint
graphics editor software,PixBuilder Photo Editor
graphics editor software,Pixelmator
graphics editor software,Pixia
graphics editor software,Pixlr.com
graphics editor software,PMview
graphics editor software,Project Dogwaffle
graphics editor software,QFX
graphics editor software,Rawstudio
graphics editor software,RawTherapee
graphics editor software,SAI
graphics editor software,Serif DrawPlus
graphics editor software,Serif Photoplus
graphics editor software,Shotwell
graphics editor software,sK1
graphics editor software,Sodipodi
graphics editor software,SVG-edit
graphics editor software,Swift 3D
graphics editor software,Tux Paint
graphics editor software,TVPaint
graphics editor software,UFRaw
graphics editor software,Ulead PhotoImpact
graphics editor software,Unified Color HDR PhotoStudio
graphics editor software,vector graphics editor
graphics editor software,Xara Photo & Graphic Designer
graphics editor software,Xara Xtreme LX
graphics editor software,XnView
graphics editor software,XPaint
graphics editor software,Zoner Photo Studio
Groovy,Groorvy software development
Groovy,Groovy programming language
Groovy,Groovy software techniques
Haskell,Haskell techniques
human-computer interaction,HCI
IBM WebSphere,WebSphere application server
ICT accessibility standards,accessibility standards and guidelines
ICT accessibility standards,assistive technology standards
ICT accessibility standards,digital accessibility standards
ICT debugging tools,ICT testing tools
ICT debugging tools,software debugging tools
ICT project management,management of IT related projects
ICT project management methodologies,Agile
ICT project management methodologies,Benefits realization management
ICT project management methodologies,Code and fix development
ICT project management methodologies,Critical chain project management
ICT project management methodologies,Extreme project management
ICT project management methodologies,prince2
ICT project management methodologies,project management framework
ICT project management methodologies,project management software
ICT project management methodologies,Scrum
ICT project management methodologies,software development methodologies
ICT project management methodologies,structured methodology
ICT security legislation,cyber-security regulation
ICT security legislation,ICT law
ICT security legislation,legal aspects of computing
ICT security legislation,network and information security legislation
ICT system user requirements,analysis of user requirement in ICT systems
ICT system user requirements,analysis of user requirements in ICT systems
identify ICT user needs,ICT user needs identification techniques
identify technological needs,assess technological needs
identify technological needs,identify needs and technological responses
implement anti-virus software,anti-malware software installing
implement anti-virus software,anti-virus software implementing
implement anti-virus software,anti-virus software installing
implement anti-virus software,implementing anti-virus software
implement anti-virus software,install anti-malware software
implement anti-virus software,install anti-virus software
implement anti-virus software,installing anti-malware software
implement anti-virus software,installing anti-virus software
implement anti-virus software,load malware protection
implement anti-virus software,loading malware protection
implement front-end website design,design and develop front-end website
implement front-end website design,provide front-end website design
incremental development,gradual development
integrated development environment software,Anjuta
integrated development environment software,Borland C++ Builder
integrated development environment software,Code::Blocks
integrated development environment software,CodeForge
integrated development environment software,CodeLite
integrated development environment software,Dev-C++
integrated development environment software,DialogBlocks
integrated development environment software,IDE
integrated development environment software,MinGW Developer Studio
integrated development environment software,NetBeans
integrated development environment software,Philasmicos Entwickler Studio
integrated development environment software,SPE
integrated development environment software,wxHatch
integrated development environment software,Zeus IDE
interact with users to gather requirements,communicate with users to gather requirements
interactive media,interactive multimedia
interpret technical texts,interpret technical information
iterative development,iterative development methodology
Java (computer programming),Java
Java (computer programming),Java 2
Java (computer programming),Java 2 enterprise edition
JavaScript,Client-side JavaScript
JavaScript,CSJS
JavaScript,Escript
JavaScript,Live Script
JavaScript,Mocha
JavaScript,Server-side JavaScript
Jenkins (tools for software configuration management),Jenkins
Jenkins (tools for software configuration management),Jenkins CI
Jenkins (tools for software configuration management),Jenkins Continuous Integration server
Joomla,Joomla software
JSSS,JavaScript Style Sheets
KDevelop,KDevelop platform
KDevelop,kdevplatform
LDAP,Lightweight Directory Access Protocol
lean project management,lean project management approach
lean project management,lean project methodology
lean project management,Lean Six Sigma
LESS,LESS language
LINQ,Language Integrated Query
Lisp,Lisp algorithms
Lisp,Lisp coding techniques
Lisp,Lisp programming paradigms
Lisp,Lisp software development principles
Lisp,Lisp software development techniques
manage localisation,manage content localisation
manage localisation,manage content localization
manage localisation,manage content translation and localisation
manage localisation,manage localization
manage localisation,manage translation and localisation
manage online content,manage website content
manage website,maintain website
manage website,manage a website
manage website,manage websites
manage website,managing a website
manage website,oversee website
manage website,regulate website
manage website,supervise website
MATLAB,MATLAB algorithms
MATLAB,MATLAB coding techniques
MATLAB,MATLAB programming paradigms
MATLAB,MATLAB software development principles
MATLAB,MATLAB software development techniques
MDX,MultiDimensional eXpressions
measure customer feedback,assess customer satisfaction
measure customer feedback,collect and manage client feedback
measure customer feedback,collect and manage customer feedback
measure customer feedback,ensure customer satisfaction
measure customer feedback,evaluate customer feedback
measure customer feedback,measure feedback from customers
measure customer feedback,measuring customer satisfaction
measure customer feedback,process customer feedback
measure software usability,perform software usability testing
measure software usability,usability evaluation
Microsoft Visio,Microsoft Office Visio
Microsoft Visio,MS Visio
Microsoft Visio,Office Visio 2003
Microsoft Visio,Office Visio 2007
Microsoft Visio,Visio 2000
Microsoft Visio,Visio 2002
Microsoft Visio,Visio 2010
Microsoft Visio,Visio 2013
Microsoft Visio,Visio 2016
Microsoft Visual C++,MS Visual C++
Microsoft Visual C++,MSVC
Microsoft Visual C++,VC++
Microsoft Visual C++,Visual C++
migrate existing data,drift existing data
ML (computer programming),ML
ML (computer programming),ML development principles
ML (computer programming),ML systems
N1QL,Couchbase Query Language
N1QL,Non-first Normal Form Query Language
natural language processing,NLP
NoSQL,NoSQL database management system
NoSQL,NoSQL non-relational database
NoSQL,Not Only SQL database management system
NoSQL,Not Only SQL non-relational database
object-oriented modelling,knowledge of object-oriented modelling
object-oriented modelling,object-oriented modeling
object-oriented modelling,object-oriented paradigm
Objective-C,Objective C
online moderation techniques,moderation techniques for online groups
online moderation techniques,online groups interaction techniques
online moderation techniques,online interaction methods
online moderation techniques,online interaction strategies
online moderation techniques,online interaction strategies and methods
online moderation techniques,online moderation methods
online moderation techniques,online moderation strategies
OpenEdge Advanced Business Language,OpenEdge Advanced Business Language techniques
Pascal (computer programming),Pascal
perform market research,complete market research
perform market research,implement market research
perform market research,market research performance
perform market research,performing market research
perform market research,undertake market research
perform online data analysis,complete online data analysis
perform online data analysis,implement online data analysis
perform online data analysis,perform an online data analysis
perform online data analysis,performing an online data analysis
perform online data analysis,performing online data analysis
perform online data analysis,undertake online data analysis
Perl,PONIE
Perl,Practical Extraction and Report Language
PHP,Hypertext Preprocessor
PHP,Personal Home Page
Process-based management,process-based project management methodology
Prolog (computer programming),Prolog
Prototyping development,prototyping methodology
Puppet (tools for software configuration management),Puppet
Python (computer programming),Python
Python (computer programming),Python 3K
quality standards,quality standards for products
query languages,.QL
query languages,Concept-Oriented
query languages,CQLF
query languages,Datalog
query languages,DMX
query languages,F-logic
query languages,FQL
query languages,Gellish
query languages,HTSQL
query languages,ISBL
query languages,MQL
query languages,OCL
query languages,OPath
query languages,OQL
query languages,OttoQL
query languages,Poliqarp
query languages,QUEL
query languages,RDQL
query languages,ReQL
query languages,SPL
query languages,SuprTool
query languages,TMQL
query languages,XPath
query languages,XSPARQL
query languages,YQL
R,R software
Rapid application development,Rapid application development methodology
Rapid application development,Rapid application development model
report analysis results,use data reporting
resource description framework query language,RDF query language
Ruby (computer programming),Ruby
Salt (tools for software configuration management),Salt
SAP R3,SAP ERP
SAP R3,SAP ERP 6.0: Enhancement Packages
SAP R3,SAP R/1
SAP R3,SAP R/2
SAP R3,SAP R/3
SAP R3,SAP R/3 Enterprise Central Component
SAP R3,SAP R/3 Enterprise Edition
SAP R3,SAP S/4 HANA
SAS language,SAS algorithm
SAS language,SAS algorithms
SAS language,SAS coding
SAS language,SAS principles for software development
SAS language,SAS programming language
SAS language,SAS techniques for software development
SAS language,SAS testing
Sass,Syntactically Awesome Stylesheets
Scala,Scala Programming Language
Scratch (computer programming),Scratch
screen reader,assistive technology for reading
screen reader,text-to-speech software
SketchBook Pro,SketchBook
Smalltalk (computer programming),Smalltalk
Smalltalk (computer programming),Smalltalk programming system
software anomalies,software behaviour deviations
software anomalies,software bugs
software anomalies,software defects
software anomalies,software performance deviations
software anomalies,software performance incidents
software design methodologies,software design approaches
software design methodologies,software design techniques
software interaction design,interaction design
software metrics,software measurement metrics
software UI design patterns,best practices for software user interface tasks
software UI design patterns,software UI design best practices
software UI design patterns,software user interface design patterns
software UI design patterns,solutions for software UI tasks
software UI design patterns,solutions for software user interface tasks
SPARQL,SPARQL Protocol and RDF Query Language
Spiral development,Spiral development methodology
STAF,STAF software
style sheet languages,Document Style Semantics and Specification Language
style sheet languages,Extensible Stylesheet Language
style sheet languages,Formatted Output Specification Instance
style sheet languages,SMIL Timesheets
Swift (computer programming),Swift
Swift (computer programming),Swift algorithms
Swift (computer programming),Swift programming paradigms
Swift (computer programming),Swift software development principles
Swift (computer programming),Swift software development techniques
Synfig,Synfig Studio
task algorithmisation,task algorithm development
test system accessibility for users with special needs,ensure software accessibility
tools for software configuration management,Bcfg2
tools for software configuration management,cdist
tools for software configuration management,CFEngine
tools for software configuration management,git
tools for software configuration management,ISconf
tools for software configuration management,Local ConFiGuration system
tools for software configuration management,NixOS
tools for software configuration management,NOC
tools for software configuration management,OCS Inventory NG with GLPI
tools for software configuration management,Open pc server integration
tools for software configuration management,PIKT
tools for software configuration management,Quattor
tools for software configuration management,Radmind
tools for software configuration management,revision control
tools for software configuration management,Rudder
tools for software configuration management,Rundeck
tools for software configuration management,SmartFrog
tools for software configuration management,software tools for version control
tools for software configuration management,source control
tools for software configuration management,Synctool
tools for software configuration management,tools for software version control
translate requirements into visual design,develop visual design based on target audience
translate requirements into visual design,develop visual design concepts based on target audience
translate requirements into visual design,develop visual design concepts from given specifications
translate requirements into visual design,develop visual design from given specifications
translate requirements into visual design,translate requirement concepts into visual design
TypeScript,TypeScript programming language
use access control software,define database user permissions
use access control software,define user roles for ICT system
use an application-specific interface,application-specific interface operating
use an application-specific interface,application-specific interface using
use an application-specific interface,operate an application-specific interface
use an application-specific interface,operate an interface specific to the application
use an application-specific interface,operating an application-specific interface
use an application-specific interface,operating an interface specific to the application
use an application-specific interface,use an interface specific to the application
use an application-specific interface,using an application-specific interface
use an application-specific interface,using an interface specific to the application
use automatic programming,use visual programming
use concurrent programming,parallel computing
use concurrent programming,use parallel computing
use e-services,able to use e-services
use e-services,apply e-services
use e-services,engage in citizenship through digital technologies
use e-services,make use of e-services
use e-services,use electronic services
use e-services,use online payment solutions
use e-services,utilise e-services
use experience map,determine the duration of a touchpoint
use experience map,determine the frequency of a touchpoint
use experience map,examine touchpoints with a brand
use experience map,examine touchpoints with a product
use experience map,examine touchpoints with a service
use functional programming,apply functional programming principles
use logic programming,employ Answer Set Programming
use logic programming,employ ICT tools for logic programming
use logic programming,use Datalog for logic programming
use logic programming,use Prolog for logic programming
use logic programming,utilise ICT tools for logic programming
use markup languages,use HTML
use markup languages,use mark-up languages
use markup languages,use XHTML
use methodologies for user-centered design,apply approaches for user-centered design
use methodologies for user-centered design,apply methodologies for user centered design
use methodologies for user-centered design,employ techniques for user-oriented design
use methodologies for user-centered design,utilise user-centered design methodologies
use object-oriented programming,utilise object-oriented programming
use presentation software,able to use presentation software
use presentation software,Adobe Ovation
use presentation software,Adobe Persuation
use presentation software,apply presentation software
use presentation software,Articulate Presenter
use presentation software,ClearSlide
use presentation software,Corel Presentations
use presentation software,CustomShow
use presentation software,Emaze
use presentation software,Evernote Presentations
use presentation software,GoAnimate
use presentation software,Google Slides
use presentation software,Haiku Deck
use presentation software,Kineticast
use presentation software,Kingsoft Office Presentation
use presentation software,KnowledgeVision
use presentation software,LibreOffice Impress
use presentation software,make use of presentation software
use presentation software,MediaShout
use presentation software,Microsoft Office PowerPoint
use presentation software,Powtoon
use presentation software,Preseria
use presentation software,Prezi
use presentation software,produce electronic presentations
use presentation software,Slide Bureau
use presentation software,SlideDog
use presentation software,SlideShare
use presentation software,Slideshark
use presentation software,SnagIt
use presentation software,use presentation program
use presentation software,use slide show software
use presentation software,using presentation software
use presentation software,utilise presentation software
use presentation software,VisualBee
use query languages,data retrieving using a query language
use query languages,data retrieving using a structured query language
use query languages,query language using
use query languages,retrieve data using a query language
use query languages,retrieve data using a structured query language
use query languages,retrieving data using a query language
use query languages,retrieving data using a structured query language
use query languages,use database query language
use query languages,use information retrieval query language
use query languages,use structured query language
use query languages,using database query language
use query languages,using information retrieval query language
use query languages,using query language
use query languages,using structured query language
use scripting programming,employ ICT tools for computer code creation
use scripting programming,employ programming languages for computer code creation
use scripting programming,use ICT tools for computer code creation
use scripting programming,use ICT tools for computer code development
use scripting programming,use ICT tools for computer code generation
use software design patterns,use programming design patterns
use software design patterns,utilise software design patterns
use software libraries,utilise software libraries
use word processing software,AbiWord
use word processing software,able to use using word processing software
use word processing software,Apple Pages
use word processing software,apply word processing software
use word processing software,Atlantis Word Processor
use word processing software,Calligra Words
use word processing software,GNU TeXmacs
use word processing software,Google Docs
use word processing software,IBM Lotus Word Pro
use word processing software,IntelliTalk
use word processing software,Kingsoft Office Writer
use word processing software,LaTeX
use word processing software,LibreOffice Writer
use word processing software,make use of word processing software
use word processing software,Microsoft Office Word
use word processing software,Polaris Office
use word processing software,produce text files
use word processing software,QuickOffice
use word processing software,TextEdit
use word processing software,Textilus
use word processing software,ThinkFree Office
use word processing software,type text
use word processing software,use document processing program
use word processing software,use text processing program
use word processing software,use word processing
use word processing software,use word processor
use word processing software,using word processor
use word processing software,utilise word processing software
use word processing software,WordGraph
use word processing software,WordPad
use word processing software,Zoho Writer
utilise computer-aided software engineering tools,use CASE tools
utilise computer-aided software engineering tools,utilise CASE tools
utilise computer-aided software engineering tools,utilise CASE tools for software design
utilise computer-aided software engineering tools,utilize CASE tools for software design
utilise computer-aided software engineering tools,utilize computer-aided software engineering tools
Vagrant,Vagrant software
Vagrant,Vagrant tool
VBScript,VBScript algorithms
VBScript,VBScript coding techniques
VBScript,VBScript for web-based scripting
VBScript,VBScript programming paradigms
VBScript,VBScript scripting techniques
Visual Basic,.NET
Visual Basic,VB
Visual Basic,VB.NET
Visual Basic,Visual Studio
Visual Basic,Visual Studio .NET
visual presentation techniques,information visualisation
visual presentation techniques,information visualization
visual presentation techniques,Infovis
visual presentation techniques,Infoviz
visual presentation techniques,visualization interface
Waterfall development,Waterfall project management
Waterfall development,Waterfall software development
web application security threats,open web application security project
web application security threats,OWASP
web based collaborative platforms,digital collaboration tools
web based collaborative platforms,online collaborative tools
web programming,markup programming
web services,web services systems
WebCMS,WebCMS software systems
WildFly,Jboss
WordPress,WordPress CMS
World Wide Web Consortium standards,W3C standards
Xcode,Xcode IDE
XQuery,XQuery language
