skill_name,category,category_rule,esco_skill_type,source_identifier,description
ABAP,TECHNICAL,R5 06,knowledge,http://data.europa.eu/esco/skill/eb0e5615-1575-4a86-a1a2-7d39595033c5,"The techniques and principles of software development, such as analysis, algorithms, coding, testing and compiling of programming paradigms in ABAP."
adapt to changes in technological development plans,COMMUNICATION,R2 S1,skill/competence,http://data.europa.eu/esco/skill/f5308e60-d763-4ead-be95-88c96fb3e02b,Modify the current design and development activities of technological projects to meet changes in requests or strategies. Ensure that the organisation's or client's needs are met and that any sudden requests which were not previously planned are implemented.
Adobe Illustrator,SOFTWARE_TOOL,OVERRIDE: Named software product,knowledge,http://data.europa.eu/esco/skill/27b913f0-3c52-448b-ad27-fc6ef08fb326,The computer program Adobe Illustrator CC is a graphical ICT tool which enables digital editing and composition of graphics to generate both 2D raster or 2D vector graphics. It is developed by the software company Adobe.
Adobe Photoshop,SOFTWARE_TOOL,OVERRIDE: Named software product,knowledge,http://data.europa.eu/esco/skill/14ced458-5f4b-495f-bd3d-9c240614bda0,The computer program Adobe Photoshop is a graphical ICT tool which enables digital editing and composition of graphics to generate both 2D raster or 2D vector graphics. It is developed by the software company Adobe.
Agile development,BUSINESS,R3 04,knowledge,http://data.europa.eu/esco/skill/dba46f87-0831-49cd-a1c7-340a653c0221,The agile development model is a methodology to design software systems and applications.
Agile project management,BUSINESS,R3 04,knowledge,http://data.europa.eu/esco/skill/0a9acb6b-1139-4be9-b431-3a80a959f2f4,"The agile project management approach is a methodology for planning, managing and overseeing of ICT resources in order to meet specific goals and using project management ICT tools."
AJAX,TECHNICAL,R5 06,knowledge,http://data.europa.eu/esco/skill/b4dc6e4f-dc7d-445f-8ce2-d7b9d225e282,"The techniques and principles of software development, such as analysis, algorithms, coding, testing and compiling of programming paradigms in AJAX."
Ajax Framework,TECHNICAL,R5 06,knowledge,http://data.europa.eu/esco/skill/8c88d336-c249-4537-b26e-d679a85c4b9b,The Ajax software development environments which provide specific features and components that support and guide web applications development.
analyse business requirements,OTHER,R6 S2,skill/competence,http://data.europa.eu/esco/skill/b04f377b-ee80-4b38-aca1-19d266a23b17,Study clients' needs and expectations for a product or service in order to identify and resolve inconsistencies and possible disagreements of involved stakeholders.
analyse software specifications,TECHNICAL,R5 S5,skill/competence,http://data.europa.eu/esco/skill/f28617ad-afdd-4041-814c-216153a38998,"Assess the specifications of a software product or system to be developed by identifying functional and non-functional requirements, constraints and possible sets of use cases which illustrate interactions between the software and its users."
Ansible,SOFTWARE_TOOL,OVERRIDE: Named software product,knowledge,http://data.europa.eu/esco/skill/6f8a40d6-f9ce-43ec-a72f-d4213a53f3ed,"The tool Ansible is a software program to perform configuration identification, control, status accounting and audit."
Apache Maven,SOFTWARE_TOOL,OVERRIDE: Named software product,knowledge,http://data.europa.eu/esco/skill/0d168770-4d9c-4096-b048-a6577818d306,"The tool Apache Maven is a software program to perform configuration identification, control, status accounting and audit of software during its development and maintenance."
APL,TECHNICAL,R5 06,knowledge,http://data.europa.eu/esco/skill/58d7a289-dafd-4363-833f-d1dc4140885e,"The techniques and principles of software development, such as analysis, algorithms, coding, testing and compiling of programming paradigms in APL."
application usability,DESIGN,OVERRIDE: Interaction and user-experience design knowledge (DATASET_SPEC §8.3),knowledge,http://data.europa.eu/esco/skill/c4b626c1-e71c-44ec-9f88-042766f37fcc,"The process through which the learnability, efficiency, usefulness and ease of use of a software application can be defined and measured."
apply systemic design thinking,COMMUNICATION,R2 S1,skill/competence,http://data.europa.eu/esco/skill/4d30ad07-9e39-4899-81dd-02b280f162f9,"Apply the process of combining systems thinking methodologies with human-centred design in order to solve complex societal challenges in an innovative and sustainable way. This is most often applied in social innovation practices that focus less on designing stand-alone products and services to designing complex service systems, organizations or policies that bring value to the society as a whole."
ASP.NET,TECHNICAL,R5 06,knowledge,http://data.europa.eu/esco/skill/56a7f561-1d55-43c9-9cd7-36a0a9bc6c50,"The techniques and principles of software development, such as analysis, algorithms, coding, testing and compiling of programming paradigms in ASP.NET."
Assembly (computer programming),TECHNICAL,R5 06,knowledge,http://data.europa.eu/esco/skill/47b9bbcf-356c-4782-83a4-7f5a1b2b51a3,"The techniques and principles of software development, such as analysis, algorithms, coding, testing and compiling of programming paradigms in Assembly."
assess users' interaction with ICT applications,BUSINESS,R3 S4,skill/competence,http://data.europa.eu/esco/skill/465e7c78-cd26-4503-a5ca-40009e807705,"Evaluate how users interact with ICT applications in order to analyse their behaviour, draw conclusions (for instance about their motives, expectations and goals) and improve applications' functionalities."
augmented reality,TECHNICAL,R5 06,knowledge,http://data.europa.eu/esco/skill/abdc7ac8-151f-40c6-bc1a-1e9b4b073290,"The process of adding diverse digital content (such as images, 3D objects, etc) on surfaces that exist in the real world. The user can interact in real-time with the technology by using devices such as mobile phones."
behavioural science,OTHER,R6 03,knowledge,http://data.europa.eu/esco/skill/269b8734-fa1d-4c6f-a843-523fa3bbae6e,The investigation and analysis of subject behaviour through regulated and lifelike observations and disciplined scientific experiments.
build business relationships,COMMUNICATION,R2 S1,skill/competence,http://data.europa.eu/esco/skill/dc72ad0a-c5dc-4abd-bc0d-ca43e82162e1,"Establish a positive, long-term relationship between organisations and interested third parties such as suppliers, distributors, shareholders and other stakeholders in order to inform them of the organisation and its objectives."
business process modelling,BUSINESS,R3 04,knowledge,http://data.europa.eu/esco/skill/98301d4a-2cc3-439d-8d7f-0b6ac76302bb,"The tools, methods and notations such as Business Process Model and Notation (BPMN) and Business Process Execution Language (BPEL), used to describe and analyse the characteristics of a business process and model its further development."
C#,TECHNICAL,R5 06,knowledge,http://data.europa.eu/esco/skill/4c016b68-4116-468c-9dc6-42710c239e4a,"The techniques and principles of software development, such as analysis, algorithms, coding, testing and compiling of programming paradigms in C#."
C++,TECHNICAL,R5 06,knowledge,http://data.europa.eu/esco/skill/b633eb55-8f1f-4ae6-ab4c-2022ffe2cb7f,"The techniques and principles of software development, such as analysis, algorithms, coding, testing and compiling of programming paradigms in C++."
COBOL,TECHNICAL,R5 06,knowledge,http://data.europa.eu/esco/skill/def007fa-5fed-4a5f-91a2-b0d7e3db1be1,"The techniques and principles of software development, such as analysis, algorithms, coding, testing and compiling of programming paradigms in COBOL."
CoffeeScript,TECHNICAL,R5 06,knowledge,http://data.europa.eu/esco/skill/993b1e23-f2de-4bd8-b33f-f86dde1c8e9d,"The techniques and principles of software development, such as analysis, algorithms, coding, testing and compiling of programming paradigms in CoffeeScript."
cognitive psychology,OTHER,R6 03,knowledge,http://data.europa.eu/esco/skill/2618f336-8e71-4666-83b5-f368edb0906d,"The human mental processes such as attention, memory, language use, perception, problem solving, creativity and thinking."
collaborate with designers,COMMUNICATION,R2 S1,skill/competence,http://data.europa.eu/esco/skill/d52382fe-f236-421f-95fe-34fe69d48dbd,Communicate and collaborate with fellow designers in order to coordinate new products and designs.
collect customer feedback on applications,COMMUNICATION,R2 S1,skill/competence,http://data.europa.eu/esco/skill/71746a0b-e58d-4dc4-ad03-bd84082eae21,Gather a response and analyse data from customers to identify requests or problems in order to improve applications and overall customer satisfaction.
Common Lisp,TECHNICAL,R5 06,knowledge,http://data.europa.eu/esco/skill/0cd6dcf1-5778-42a5-b685-4d01ae4a4871,"The techniques and principles of software development, such as analysis, algorithms, coding, testing and compiling of programming paradigms in Common Lisp."
compose description for web elements,COMMUNICATION,R2 S1,skill/competence,http://data.europa.eu/esco/skill/e8d9ce55-7bc3-4f09-8412-0a393d4b5b96,"Create texts to convey the message of a web element, such as images or frames, even in cases when it cannot be displayed to the user."
computer programming,TECHNICAL,R5 06,knowledge,http://data.europa.eu/esco/skill/21d2f96d-35f7-4e3f-9745-c533d2dd6e97,"The techniques and principles of software development, such as analysis, algorithms, coding, testing and compiling of programming paradigms (e.g. object oriented programming, functional programming) and of programming languages."
conduct content quality assurance,TECHNICAL,R5 S5,skill/competence,http://data.europa.eu/esco/skill/29154735-107a-4daa-a050-537f7707f34e,"Carry out validation of content by reviewing it according to formal and functional quality, usability and applicable standards."
conduct qualitative research,OTHER,R6 S2,skill/competence,http://data.europa.eu/esco/skill/fa465db3-56e8-4b5d-a781-e2a313a4ed2d,"Gather relevant information by applying systematic methods, such as interviews, focus groups, text analysis, observations and case studies."
conduct quantitative research,OTHER,R6 S2,skill/competence,http://data.europa.eu/esco/skill/8316979b-df5a-4dc7-98ef-61ec6a10df84,"Execute a systematic empirical investigation of observable phenomena via statistical, mathematical or computational techniques."
conduct research interview,COMMUNICATION,R2 S1,skill/competence,http://data.europa.eu/esco/skill/896563fc-6255-4419-89c2-ffed30159ad6,"Use professional researching and interviewing methods and techniques to gather relevant data, facts or information, to gain new insights and to fully comprehend the message of the interviewee."
content development processes,CREATIVE,R4 02,knowledge,http://data.europa.eu/esco/skill/e74f4f21-8d45-412c-b5c3-652e6167ee32,"The specialised techniques used to design, write, compile, edit and organise digital content, such as text, graphics and videos for publishing purposes."
create flowchart diagram,DESIGN,R1 S1.11,skill/competence,http://data.europa.eu/esco/skill/901105f8-3a08-453e-b1dc-23619e317fd3,Compose a diagram that illustrates systematic progress through a procedure or system using connecting lines and a set of symbols.
create prototype of user experience solutions,OTHER,R6 S2,skill/competence,http://data.europa.eu/esco/skill/07dd856d-6141-48a7-a228-918f88494812,"Design and prepare mock-ups, prototypes and flows in order to test User Experience (UX) solutions or to collect feedback from users, customers, partners or stakeholders."
create software design,DESIGN,R1 S1.11,skill/competence,http://data.europa.eu/esco/skill/3bddfd7c-ab6d-40c2-883d-5e97fb7640ba,Transpose a series of requirements into a clear and organised software design.
create website wireframe,TECHNICAL,R5 S5,skill/competence,http://data.europa.eu/esco/skill/f0f5bb34-71df-4715-9c9e-03567b76ec8f,"Develop an image or set of images that display the functional elements of a website or page, typically used for planning a website's functionality and structure."
CSS,TECHNICAL,R5 06,knowledge,http://data.europa.eu/esco/skill/e5d1f825-60ed-4bdd-872a-e748c387f777,"The computer language CSS is a style sheet language that conveys the presentation of structured documents. These documents have to adhere to style sheets, a set of stylistic rules such as font, color and layout."
debug software,TECHNICAL,R5 S5,skill/competence,http://data.europa.eu/esco/skill/2522a6ce-3202-4ac8-9f5b-b9cb5a3a83a1,"Repair computer code by analysing testing results, locating the defects causing the software to output an incorrect or unexpected result and remove these faults."
define technical requirements,BUSINESS,R3 S4,skill/competence,http://data.europa.eu/esco/skill/d9e5349e-8791-49c2-8ba4-839fdd1606c2,"Specify technical properties of goods, materials, methods, processes, services, systems, software and functionalities by identifying and responding to the particular needs that are to be satisfied according to customer requirements."
design graphics,DESIGN,R1 S1.12,skill/competence,http://data.europa.eu/esco/skill/f058bf62-70d1-4f5e-be2a-8b26fac24a96,Apply a variety of visual techniques in order to design graphic material. Combine graphical elements to communicate concepts and ideas.
design interaction model,TECHNICAL,R5 S5,skill/competence,http://data.europa.eu/esco/skill/12274664-b642-4945-b88f-d7787dc3c9dd,"Design and develop an interaction model. Design a multi-turn conversation, use built-in intents and slots, handle unexpected conversational requests or responses, design multi-modal skills using one or more service interfaces (for example, audio, video, and gadgets)."
design process,DESIGN,R1 S1.11,skill/competence,http://data.europa.eu/esco/skill/2c28fc20-8a60-4311-8899-5ef8729c05b3,"Identify the workflow and resource requirements for a particular process, using a variety of tools such as process simulation software, flowcharting and scale models."
design user interface,DESIGN,R1 S1.11,skill/competence,http://data.europa.eu/esco/skill/fd33c66c-70c4-40e6-b87c-5495bd3bf26e,"Create software or device components which enable interaction between humans and systems or machines, using appropriate techniques, languages and tools so as to streamline interaction while using the system or machine."
design web-based courses,DESIGN,R1 S1.11,skill/competence,http://data.europa.eu/esco/skill/3d957fb2-b8f4-4b4c-b955-23299c761ad5,"Create web-based training and instruction courses using dynamic and static online tools to deliver learning outcomes to the audience of the course. Web tools used here can include streaming video and audio, live internet broadcasts, information portals, chatrooms and bulletin boards."
develop creative ideas,DESIGN,R1 S1.12,skill/competence,http://data.europa.eu/esco/skill/8c4c49d4-9708-433f-8ca7-bf2c5211ee49,Developing new artistic concepts and creative ideas.
develop digital content,TECHNICAL,R5 S5,skill/competence,http://data.europa.eu/esco/skill/5fd5c985-eaaa-47aa-8314-62359c54505a,"Create and edit digital content in different formats, express oneself through digital means."
develop software prototype,TECHNICAL,R5 S5,skill/competence,http://data.europa.eu/esco/skill/797a4416-0b8d-44f3-8fcd-eb10bd0be6b4,Create a first incomplete or preliminary version of a piece of software application to simulate some specific aspects of the final product.
DevOps,BUSINESS,R3 04,knowledge,http://data.europa.eu/esco/skill/f0de4973-0a70-4644-8fd4-3a97080476f4,The DevOps development approach is a methodology to design software systems and applications focused on the collaboration and between software programmers and other ICT professionals and automation.
domain name service,TECHNICAL,R5 06,knowledge,http://data.europa.eu/esco/skill/071233c4-ad2b-4f50-b79f-768d2231163e,Naming database which maps internet domain names to Internet Protocol (IP) addresses. The Domain Name System allows internet users to utilise names such as website titles instead of remembering numeric IP addresses used by computers to locate a concrete website.
draw design sketches,DESIGN,R1 S1.12,skill/competence,http://data.europa.eu/esco/skill/fc4fcb4b-993f-4f2c-b158-c2171ec18ed8,Create rough pictures to assist in creating and communicating design concepts.
Drupal,SOFTWARE_TOOL,OVERRIDE: Named software product,knowledge,http://data.europa.eu/esco/skill/1de3942b-99d8-41e8-9ef0-fbc9e9f6307b,"The open-source web-based software system written in PHP, used for creating, editing, publishing and archiving blogs, articles, web pages or press releases, which requires a higher level of technical understanding of HTML, CSS and PHP."
Eclipse (integrated development environment software),SOFTWARE_TOOL,OVERRIDE: Named software product,knowledge,http://data.europa.eu/esco/skill/6b6a9252-2ed7-4862-a02f-1578f4a532ea,"The computer program Eclipse is a suite of software development tools for writing programs, such as compiler, debugger, code editor, code highlights, packaged in a unified user interface. It is developed by the Eclipse Foundation."
enhance website visibility,BUSINESS,R3 S4,skill/competence,http://data.europa.eu/esco/skill/ef64005d-75bc-4597-8ed6-717edec5e55e,"Promote the website to users, business partners and search engines. Optimise the website exposure to search engines, send out emails, determine pricing and policies and conduct marketing actions."
Erlang,TECHNICAL,R5 06,knowledge,http://data.europa.eu/esco/skill/034c29fa-c3ba-45ea-b8f3-bf8e3705e386,"The techniques and principles of software development, such as analysis, algorithms, coding, testing and compiling of programming paradigms in Erlang."
establish customer rapport,COMMUNICATION,R2 S1,skill/competence,http://data.europa.eu/esco/skill/cd990eab-c6a9-4c11-b17d-b12a98f6573b,Gain customer interest and trust; establish relationships with wide varieties of people; communicate in a likeable and persuasive style; understand and respond to the individual desires and needs of customers.
execute ICT user research activities,COMMUNICATION,R2 S1,skill/competence,http://data.europa.eu/esco/skill/a4c2aa71-086f-4a46-b481-2619673c9dfe,"Perform research tasks such as recruitment of participants, scheduling of tasks, collecting of empirical data, data analysis and production of materials in order to assess the interaction of users with an ICT system, program or application."
forecast future ICT network needs,COMMUNICATION,R2 S1,skill/competence,http://data.europa.eu/esco/skill/8fa840f7-e66a-4370-8e6d-7d554260c31c,Identify current data traffic and estimate how growth will affect the ICT network.
GIMP (graphics editor software),SOFTWARE_TOOL,OVERRIDE: Named software product,knowledge,http://data.europa.eu/esco/skill/4a466c62-db7d-4905-9a41-f23214810acb,The computer program GIMP is a graphical ICT tool which enables digital editing and composition of graphics to generate both 2D raster or 2D vector graphics. It is developed by The GIMP Development Team.
graphics editor software,SOFTWARE_TOOL,OVERRIDE: Class of application software,knowledge,http://data.europa.eu/esco/skill/a71577b2-7550-4222-88ee-dcbd2d881516,"The field of graphical ICT tools which enable digital editing and composition of graphics, such as GIMP, Adobe Photoshop and Adobe Illustrator, to develop both 2D raster or 2D vector graphics."
Groovy,TECHNICAL,R5 06,knowledge,http://data.europa.eu/esco/skill/52cf3037-ab53-4806-85ed-7fd21ea7f6a1,"The techniques and principles of software development, such as analysis, algorithms, coding, testing and compiling of programming paradigms in Groovy."
Haskell,TECHNICAL,R5 06,knowledge,http://data.europa.eu/esco/skill/000f1d3d-220f-4789-9c0a-cc742521fb02,"The techniques and principles of software development, such as analysis, algorithms, coding, testing and compiling of programming paradigms in Haskell."
human-computer interaction,DESIGN,OVERRIDE: Interaction and user-experience design knowledge (DATASET_SPEC §8.3),knowledge,http://data.europa.eu/esco/skill/9136cbf1-7916-4f1c-bc9a-0318ee1d6016,The study of the behaviour and interaction between digital devices and human beings.
IBM WebSphere,SOFTWARE_TOOL,OVERRIDE: Named software product,knowledge,http://data.europa.eu/esco/skill/a4e31589-3632-4926-91d0-15b889c90b9b,The application server IBM WebSphere provides flexible and secure Java EE runtime environments to support application infrastructure and deployments.
ICT accessibility standards,TECHNICAL,R5 06,knowledge,http://data.europa.eu/esco/skill/3e23db60-0c3d-498a-a6ac-ffbed0ecb033,"The recommendations for making ICT content and applications more accessible to a wider range of people, mostly with disabilities, such as blindness and low vision, deafness and hearing loss and cognitive limitations. It includes standards such as Web Content Accessibility Guidelines (WCAG)."
ICT debugging tools,SOFTWARE_TOOL,OVERRIDE: Class of application software,knowledge,http://data.europa.eu/esco/skill/6014921e-1d25-4039-adc2-04852d61880e,"The ICT tools used to test and debug programs and software code, such as GNU Debugger (GDB), Intel Debugger (IDB), Microsoft Visual Studio Debugger, Valgrind and WinDbg."
ICT project management,BUSINESS,R3 04,knowledge,http://data.europa.eu/esco/skill/94dd823c-148e-4614-a6e8-99249b16357d,"The methodologies for the planning, implementation, review and follow-up of ICT projects, such as the development, integration, modification and sales of ICT products and services, as well as projects relating technological innovation in the field of ICT."
ICT project management methodologies,BUSINESS,R3 04,knowledge,http://data.europa.eu/esco/skill/bec4359e-cb92-468f-a997-8fb28e32fba9,"The methodologies or models for planning, managing and overseeing of ICT resources in order to meet specific goals, such methodologies are Waterfall, Incremental, V-Model, Scrum or Agile and using project management ICT tools."
ICT security legislation,BUSINESS,R3 04,knowledge,http://data.europa.eu/esco/skill/7814e88f-c133-4c3b-b27f-857afa145d42,"The set of legislative rules that safeguards information technology, ICT networks and computer systems and legal consequences which result from their misuse. Regulated measures include firewalls, intrusion detection, anti-virus software and encryption."
ICT system user requirements,TECHNICAL,R5 06,knowledge,http://data.europa.eu/esco/skill/ca73ac82-867a-4afa-9732-834aebe896ff,"The process intended to match user and organisation's needs with system components and services, by taking into consideration the available technologies and the techniques required to elicit and specify requirements, interrogating users to establish symptoms of problem and analysing symptoms."
identify ICT user needs,COMMUNICATION,R2 S1,skill/competence,http://data.europa.eu/esco/skill/ddfe79e2-c2e3-4ba7-9bdf-3820b4f75b54,"Determine the needs and requirements of ICT users of a specific system by applying analytical methods, such as target group analysis."
identify technological needs,COMMUNICATION,R2 S1,skill/competence,http://data.europa.eu/esco/skill/42fcf80d-7b45-40f3-bd2f-5411c4c0dfa0,Assess needs and identify digital tools and possible technological responses to address them. Adjust and customise digital environments to personal needs (e.g. accessibility).
implement anti-virus software,TECHNICAL,R5 S5,skill/competence,http://data.europa.eu/esco/skill/bb2b4485-2bad-402f-8517-44bf7d9afff4,"Download, install and update software to prevent, detect and remove malicious software, such as computer viruses."
implement front-end website design,TECHNICAL,R5 S5,skill/competence,http://data.europa.eu/esco/skill/c4b1f326-224a-420a-b8b3-814a8f13b6cb,Develop website layout and enhance user experience based on provided design concepts.
incremental development,BUSINESS,R3 04,knowledge,http://data.europa.eu/esco/skill/00c04e40-35ea-4ed1-824c-82f936c8f876,The incremental development model is a methodology to design software systems and applications.
integrated development environment software,SOFTWARE_TOOL,OVERRIDE: Class of application software,knowledge,http://data.europa.eu/esco/skill/925463a7-d51f-4d5b-9f79-4d28cf30acde,"The suite of software development tools for writing programs, such as compiler, debugger, code editor, code highlights, packaged in a unified user interface, such as Visual Studio or Eclipse."
interact with users to gather requirements,COMMUNICATION,R2 S1,skill/competence,http://data.europa.eu/esco/skill/a8797f21-1af0-4c5e-98ca-bf1442929363,Communicate with users to identify their requirements and collect them. Define all relevant user requirements and document them in an understandable and logical way for further analysis and specification.
interactive media,CREATIVE,R4 02,knowledge,http://data.europa.eu/esco/skill/123cf7c5-6a3b-419d-be4f-49a6cc020f9f,"The method of communication that takes place through digital medias and is based on customers interactions with them. The interactions take place with computerised elements (e.g., moving graphics, digital text and sound)."
interpret technical texts,OTHER,R6 S2,skill/competence,http://data.europa.eu/esco/skill/85c11255-469f-41bd-a6d1-382bc4a87783,"Read and understand technical texts that provide information on how to perform a task, usually explained in steps."
iterative development,BUSINESS,R3 04,knowledge,http://data.europa.eu/esco/skill/33d49d4f-31ec-473f-9b8a-b555aa5116bb,The iterative development model is a methodology to design software systems and applications.
Java (computer programming),TECHNICAL,R5 06,knowledge,http://data.europa.eu/esco/skill/19a8293b-8e95-4de3-983f-77484079c389,"The techniques and principles of software development, such as analysis, algorithms, coding, testing and compiling of programming paradigms in Java."
JavaScript,TECHNICAL,R5 06,knowledge,http://data.europa.eu/esco/skill/3cd569a2-4f88-4c1e-9995-8dce8c5e51a7,"The techniques and principles of software development, such as analysis, algorithms, coding, testing and compiling of programming paradigms in JavaScript."
JavaScript Framework,TECHNICAL,R5 06,knowledge,http://data.europa.eu/esco/skill/9b9de2a4-d8af-4a7b-933a-a8334ae60067,"The JavaScript software development environments which provide specific features and components ( such as HTML generation tools, Canvas support or Visual design) that support and guide JavaScript web applications development."
Jenkins (tools for software configuration management),SOFTWARE_TOOL,OVERRIDE: Named software product,knowledge,http://data.europa.eu/esco/skill/f47a1998-0beb-43be-9f46-380aa4d183da,"The tool Jenkins is a software program to perform configuration identification, control, status accounting and audit of software during its development and maintenance."
Joomla,SOFTWARE_TOOL,OVERRIDE: Named software product,knowledge,http://data.europa.eu/esco/skill/d2adb565-a865-424d-aeb5-9fbcbf2afe2a,"The open-source web-based software system written in PHP, used for creating, editing, publishing and archiving blogs, articles, corporate or small business websites, social networking websites or press releases."
JSSS,TECHNICAL,R5 06,knowledge,http://data.europa.eu/esco/skill/8785ccda-6f9f-4cf3-9033-fda10653d0be,"The computer language JSSS is a style sheet language that conveys the presentation of structured documents. These documents have to adhere to style sheets, a set of stylistic rules such as font, color and layout."
KDevelop,SOFTWARE_TOOL,OVERRIDE: Named software product,knowledge,http://data.europa.eu/esco/skill/013441c1-1f13-47e9-80c4-9a53e8e1bc05,"The computer program KDevelop is a suite of software development tools for writing programs, such as compiler, debugger, code editor, code highlights, packaged in a unified user interface. It is developed by the software community KDE."
LDAP,TECHNICAL,R5 06,knowledge,http://data.europa.eu/esco/skill/a57a54b6-2f2e-43e4-9621-b52f4a63cb08,The computer language LDAP is a query language for retrieval of information from a database and of documents containing the needed information.
lean project management,BUSINESS,R3 04,knowledge,http://data.europa.eu/esco/skill/da6393d5-a53c-4863-abc7-51f36281d74e,"The lean project management approach is a methodology for planning, managing and overseeing of ICT resources in order to meet specific goals and using project management ICT tools."
LESS,TECHNICAL,R5 06,knowledge,http://data.europa.eu/esco/skill/26fa7a33-a426-4cd5-9792-33bf668612e1,"The computer language LESS is a style sheet language that conveys the presentation of structured documents. These documents have to adhere to style sheets, a set of stylistic rules such as font, color and layout."
LINQ,TECHNICAL,R5 06,knowledge,http://data.europa.eu/esco/skill/c7d24594-0c11-4b27-9039-fe0bb903da8e,The computer language LINQ is a query language for retrieval of information from a database and of documents containing the needed information. It is developed by the software company Microsoft.
Lisp,TECHNICAL,R5 06,knowledge,http://data.europa.eu/esco/skill/0de61385-de6d-4146-ba32-1cc1bc102220,"The techniques and principles of software development, such as analysis, algorithms, coding, testing and compiling of programming paradigms in Lisp."
manage localisation,COMMUNICATION,R2 S1,skill/competence,http://data.europa.eu/esco/skill/a9bf8565-8a09-4118-9922-932d65a79d69,Modify content or a product for the transference from one locale to another through the use of content translation or localisation service providers.
manage online content,TECHNICAL,R5 S5,skill/competence,http://data.europa.eu/esco/skill/c1f29568-f2bb-49d2-b6c2-28748bd1629b,"Ensure the website content is up to date, organised, attractive and meets the target audience needs, the requirements of the company and international standards by checking the links, setting the publishing time framework and order."
manage website,TECHNICAL,R5 S5,skill/competence,http://data.europa.eu/esco/skill/d04ee340-5378-4601-8181-19da6d5cbfe0,"Provide different services related to website management such as monitoring online traffic, managing content, providing website support and making estimations and improvements to one's website."
MATLAB,TECHNICAL,R5 06,knowledge,http://data.europa.eu/esco/skill/c3a03c5a-c260-4c26-9b9a-873abb396f4d,"The techniques and principles of software development, such as analysis, algorithms, coding, testing and compiling of programming paradigms in MATLAB."
MDX,TECHNICAL,R5 06,knowledge,http://data.europa.eu/esco/skill/1b7c716e-af95-4cda-a42f-6479c8b139f5,The computer language MDX is a query language for retrieval of information from a database and of documents containing the needed information. It is developed by the software company Microsoft.
measure customer feedback,COMMUNICATION,R2 S1,skill/competence,http://data.europa.eu/esco/skill/89ba58e8-a67e-4d2b-ad42-6acab25c241b,Evaluate customer's comments in order to find out whether customers feel satisfied or dissatisfied with the product or service.
measure software usability,TECHNICAL,R5 S7,skill/competence,http://data.europa.eu/esco/skill/be0ff6d8-5e61-4021-9c89-e40cf0b75cc6,Check the convenience of the software product for the end user. Identify user problems and make adjustments to improve usability practice. Collect input data on how users evaluate software products.
Microsoft Visio,SOFTWARE_TOOL,OVERRIDE: Named software product,knowledge,http://data.europa.eu/esco/skill/86f7126d-97fd-4da5-be96-d1cf6ecd54e6,The computer program Microsoft Visio is a graphical ICT tool which enables digital editing and composition of graphics to generate both 2D raster or 2D vector graphics. It is developed by the software company Microsoft.
Microsoft Visual C++,SOFTWARE_TOOL,OVERRIDE: Named software product,knowledge,http://data.europa.eu/esco/skill/8369ede5-4200-4a44-be2e-bc60ef959259,"The computer program Visual C++ is a suite of software development tools for writing programs, such as compiler, debugger, code editor, code highlights, packaged in a unified user interface. It is developed by the software company Microsoft."
migrate existing data,TECHNICAL,R5 S5,skill/competence,http://data.europa.eu/esco/skill/020918ef-4b55-47c1-8430-ab7b8f6a7377,"Apply migration and conversion methods for existing data, in order to transfer or convert data between formats, storage or computer systems."
ML (computer programming),TECHNICAL,R5 06,knowledge,http://data.europa.eu/esco/skill/a4d336a6-9ffd-402a-91cc-f359716ba4e0,"The techniques and principles of software development, such as analysis, algorithms, coding, testing and compiling of programming paradigms in ML."
N1QL,TECHNICAL,R5 06,knowledge,http://data.europa.eu/esco/skill/f597f772-24d3-4cec-813c-cf5a7027c794,The computer language N1QL is a query language for retrieval of information from a database and of documents containing the needed information. It is developed by the software company Couchbase.
natural language processing,TECHNICAL,OVERRIDE: Computing technology listed under ESCO languages group,knowledge,http://data.europa.eu/esco/skill/fff0e2cd-d0bd-4b02-9daf-158b79d9688a,The technologies which enable ICT devices to understand and interact with users through human language.
NoSQL,TECHNICAL,R5 06,knowledge,http://data.europa.eu/esco/skill/76ef6ed3-1658-4a1a-9593-204d799c6d0c,"The Not Only SQL non-relational database used for creating, updating and managing large amounts of unstructured data stored in the cloud."
object-oriented modelling,TECHNICAL,R5 06,knowledge,http://data.europa.eu/esco/skill/5be3d306-6cf1-4b49-aa1d-01651dd4ba4c,"The object-oriented paradigm, which is based on classes, objects, methods and interfaces and their application in software design and analysis, programming organisation and techniques."
Objective-C,TECHNICAL,R5 06,knowledge,http://data.europa.eu/esco/skill/9973a5a2-7822-4161-99e9-95c781eb63f8,"The techniques and principles of software development, such as analysis, algorithms, coding, testing and compiling of programming paradigms in Objective-C."
online moderation techniques,BUSINESS,R3 04,knowledge,http://data.europa.eu/esco/skill/c9b6aa32-6c42-4903-8e5a-23e43edf03fc,The strategies and methods used to interact online and moderate online users and groups.
OpenEdge Advanced Business Language,TECHNICAL,R5 06,knowledge,http://data.europa.eu/esco/skill/300d432b-f457-4cd3-9cb1-1858c7d14954,"The techniques and principles of software development, such as analysis, algorithms, coding, testing and compiling of programming paradigms in OpenEdge Advanced Business Language."
Pascal (computer programming),TECHNICAL,R5 06,knowledge,http://data.europa.eu/esco/skill/e8b89eb6-51e8-4c3a-babb-88b2e110376b,"The techniques and principles of software development, such as analysis, algorithms, coding, testing and compiling of programming paradigms in Pascal."
perform market research,OTHER,R6 S2,skill/competence,http://data.europa.eu/esco/skill/fe39d4db-4cb5-4299-bb9f-896c8fd6ab13,"Gather, assess and represent data about target market and customers in order to facilitate strategic development and feasibility studies. Identify market trends."
perform online data analysis,TECHNICAL,R5 S5,skill/competence,http://data.europa.eu/esco/skill/062320e5-79d1-45e8-8b7e-5deeb53279a2,"Analyse online experiences and online data for purposes of understanding user behaviour, triggers of online attention, and other factors that could optimise webpage development and exposure."
Perl,TECHNICAL,R5 06,knowledge,http://data.europa.eu/esco/skill/401eb8d8-6daa-4f8b-90ad-60afc71eb4f8,"The techniques and principles of software development, such as analysis, algorithms, coding, testing and compiling of programming paradigms in Perl."
PHP,TECHNICAL,R5 06,knowledge,http://data.europa.eu/esco/skill/4350c38d-0fe9-4ca7-bab9-40ed7f72b04f,"The techniques and principles of software development, such as analysis, algorithms, coding, testing and compiling of programming paradigms in PHP."
Process-based management,BUSINESS,R3 04,knowledge,http://data.europa.eu/esco/skill/d5a59ca8-2e91-472e-8571-d12ce4478679,"The process-based management approach is a methodology for planning, managing and overseeing of ICT resources in order to meet specific goals and using project management ICT tools."
Prolog (computer programming),TECHNICAL,R5 06,knowledge,http://data.europa.eu/esco/skill/2bde42ae-e776-41c1-9ded-b07b30bfe985,"The techniques and principles of software development, such as analysis, algorithms, coding, testing and compiling of programming paradigms in Prolog."
Prototyping development,BUSINESS,R3 04,knowledge,http://data.europa.eu/esco/skill/ed1d8bd4-cd2a-4c64-b665-56d70651026c,The prototyping development model is a methodology to design software systems and applications.
Puppet (tools for software configuration management),SOFTWARE_TOOL,OVERRIDE: Named software product,knowledge,http://data.europa.eu/esco/skill/6417a4cc-6f61-4459-a114-761a7fa0279d,"The tool Puppet is a software program to perform configuration identification, control, status accounting and audit."
Python (computer programming),TECHNICAL,R5 06,knowledge,http://data.europa.eu/esco/skill/ccd0a1d9-afda-43d9-b901-96344886e14d,"The techniques and principles of software development, such as analysis, algorithms, coding, testing and compiling of programming paradigms in Python."
quality standards,BUSINESS,R3 04,knowledge,http://data.europa.eu/esco/skill/8d4271ca-c9fd-40b3-875f-15f78332a49e,"The national and international requirements, specifications and guidelines to ensure that products, services and processes are of good quality and fit for purpose."
query languages,TECHNICAL,R5 06,knowledge,http://data.europa.eu/esco/skill/9cf681c7-89ec-470c-b651-7fe03786f586,The field of standardised computer languages for retrieval of information from a database and of documents containing the needed information.
R,TECHNICAL,R5 06,knowledge,http://data.europa.eu/esco/skill/51586df8-1c46-4b47-8583-773cb63bf00b,"The techniques and principles of software development, such as analysis, algorithms, coding, testing and compiling of programming paradigms in R."
Rapid application development,BUSINESS,R3 04,knowledge,http://data.europa.eu/esco/skill/96eb286a-58b7-45ff-a916-5578d0b79b8c,The rapid application development model is a methodology to design software systems and applications.
report analysis results,TECHNICAL,R5 S5,skill/competence,http://data.europa.eu/esco/skill/c544a9f3-5945-4b54-afed-de0697852817,"Produce research documents or give presentations to report the results of a conducted research and analysis project, indicating the analysis procedures and methods which led to the results, as well as potential interpretations of the results."
resource description framework query language,TECHNICAL,R5 06,knowledge,http://data.europa.eu/esco/skill/99207709-d076-4cce-ba38-e90d3bb28806,The query languages such as SPARQL which are used to retrieve and manipulate data stored in Resource Description Framework format (RDF).
Ruby (computer programming),TECHNICAL,R5 06,knowledge,http://data.europa.eu/esco/skill/0ccdfe98-f845-4598-84a1-3dca66e9d9a3,"The techniques and principles of software development, such as analysis, algorithms, coding, testing and compiling of programming paradigms in Ruby."
Salt (tools for software configuration management),SOFTWARE_TOOL,OVERRIDE: Named software product,knowledge,http://data.europa.eu/esco/skill/c7451027-8249-405a-bb1b-342ff0f3fb3b,"The tool Salt is a software program to perform configuration identification, control, status accounting and audit."
SAP R3,SOFTWARE_TOOL,OVERRIDE: Named software product,knowledge,http://data.europa.eu/esco/skill/bb99af26-71ff-4dca-bde7-1eb1f6194426,"The techniques and principles of software development, such as analysis, algorithms, coding, testing and compiling of programming paradigms in SAP R3."
SAS language,TECHNICAL,R5 06,knowledge,http://data.europa.eu/esco/skill/04f1b938-d4d4-4cb1-a863-982af76b9d93,"The techniques and principles of software development, such as analysis, algorithms, coding, testing and compiling of programming paradigms in SAS language."
Sass,TECHNICAL,R5 06,knowledge,http://data.europa.eu/esco/skill/1110c92f-3059-445a-9436-0f4200d365f5,"The computer language Sass is a style sheet language that conveys the presentation of structured documents. These documents have to adhere to style sheets, a set of stylistic rules such as font, color and layout."
Scala,TECHNICAL,R5 06,knowledge,http://data.europa.eu/esco/skill/ffddfc7c-a9dd-449f-9e96-882dc447c8b6,"The techniques and principles of software development, such as analysis, algorithms, coding, testing and compiling of programming paradigms in Scala."
Scratch (computer programming),TECHNICAL,R5 06,knowledge,http://data.europa.eu/esco/skill/d56fc2b5-4b0a-4e7e-9bde-a33736f6ff18,"The techniques and principles of software development, such as analysis, algorithms, coding, testing and compiling of programming paradigms in Scratch."
screen reader,TECHNICAL,R5 06,knowledge,http://data.europa.eu/esco/skill/1774bd31-8893-44cf-9498-7e3d95508419,"Software program which converts screen elements such as text, images, or buttons, displayed in the computer into Braille or speech. Assistive technology used by visually impaired or blind people to interpret what appears on the computer screen through braille output, audio icons or speech synthesisers."
SketchBook Pro,SOFTWARE_TOOL,OVERRIDE: Named software product,knowledge,http://data.europa.eu/esco/skill/85038d57-1fdd-40de-b908-2c005545a8c3,The computer program SketchBook Pro is a graphical ICT tool which enables digital editing and composition of graphics to generate both 2D raster or 2D vector graphics. It is developed by the software company Autodesk.
Smalltalk (computer programming),TECHNICAL,R5 06,knowledge,http://data.europa.eu/esco/skill/42ed3bfb-1a01-4c8b-9758-fc6438865734,"The techniques and principles of software development, such as analysis, algorithms, coding, testing and compiling of programming paradigms in Smalltalk."
software anomalies,TECHNICAL,R5 06,knowledge,http://data.europa.eu/esco/skill/438ff259-d086-4004-acda-1ec3e1631bc6,"The deviations of what is standard and exceptional events during software system performance, identification of incidents that can alter the flow and the process of system execution."
software design methodologies,TECHNICAL,R5 06,knowledge,http://data.europa.eu/esco/skill/8ff015a0-98ea-4d80-a23e-1f68110a919e,"The methodologies such as Scrum, V-model and Waterfall to design software systems and applications."
software interaction design,DESIGN,OVERRIDE: Interaction and user-experience design knowledge (DATASET_SPEC §8.3),knowledge,http://data.europa.eu/esco/skill/de0be6e8-644c-4cc9-9c8d-925dd98dda56,The methodologies for designing interaction between users and a software product or service to satisfy the needs and preferences of most of the people who will interface with the product and to simplify the communication between product and user such as Goal-oriented design.
software metrics,TECHNICAL,R5 06,knowledge,http://data.europa.eu/esco/skill/fb7aee4d-f6c6-4a87-8e9d-8e542b3771f8,The metrics that measure a characteristic of the software system in order to determine the development of the software and evaluate it.
software UI design patterns,DESIGN,OVERRIDE: Interaction and user-experience design knowledge (DATASET_SPEC §8.3),knowledge,http://data.europa.eu/esco/skill/1019423b-3368-4f83-b24f-19e5fa23e816,The reusable solutions and formalised best practices to solve common user interface tasks in software development and design.
SPARK,TECHNICAL,R5 06,knowledge,http://data.europa.eu/esco/skill/af7ae54f-4649-4c16-87c7-59ba41d4d57f,The Java micro framework software development environment which provide specific features and components that support and guide web applications development.
SPARQL,TECHNICAL,R5 06,knowledge,http://data.europa.eu/esco/skill/5da8018b-ae85-4cde-ad93-0394369018f3,The computer language SPARQL is a query language for retrieval of information from a database and of documents containing the needed information. It is developed by the international standards organisation World Wide Web Consortium.
Spiral development,BUSINESS,R3 04,knowledge,http://data.europa.eu/esco/skill/4840338b-ac6c-486a-be1d-9ddfe00b8bdf,The spiral development model is a methodology to design software systems and applications.
STAF,SOFTWARE_TOOL,OVERRIDE: Named software product,knowledge,http://data.europa.eu/esco/skill/69f0167e-75d9-46cf-847f-72a592880ebb,"The tool STAF is a software program to perform configuration identification, control, status accounting and audit."
style sheet languages,TECHNICAL,R5 06,knowledge,http://data.europa.eu/esco/skill/c2999f0c-eb37-4cdf-b9b0-82107b628794,"The field of computer language that conveys the presentation of structured documents such as Cascading Style Sheets (CSS). These documents have to adhere to style sheets, a set of stylistic rules such as font, color and layout."
Swift (computer programming),TECHNICAL,R5 06,knowledge,http://data.europa.eu/esco/skill/be80acfc-b6f2-4411-9b8d-b19d9cd2556a,"The techniques and principles of software development, such as analysis, algorithms, coding, testing and compiling of programming paradigms in Swift."
Synfig,SOFTWARE_TOOL,OVERRIDE: Named software product,knowledge,http://data.europa.eu/esco/skill/b0ac313d-de44-4344-ada6-76d2177b6d92,The computer program Synfig is a graphical ICT tool which enables digital editing and composition of graphics to generate both 2D raster or 2D vector graphics. It is developed by Robert Quattlebaum.
task algorithmisation,TECHNICAL,R5 06,knowledge,http://data.europa.eu/esco/skill/7482a123-e801-48de-9733-262125671410,The techniques to convert unstructured descriptions of a process into step-by-step sequence of actions of a finite number of steps.
test system accessibility for users with special needs,COMMUNICATION,R2 S1,skill/competence,http://data.europa.eu/esco/skill/be64bb4c-84ac-4c83-8cc7-fc8593e15136,Examine whether software interface complies with standards and regulations so that the system can be used by people with special needs.
tools for software configuration management,SOFTWARE_TOOL,OVERRIDE: Class of application software,knowledge,http://data.europa.eu/esco/skill/9d2e926f-53d9-41f5-98f3-19dfaa687f3f,"The software programs to perform configuration identification, control, status accounting and audit, such as CVS, ClearCase, Subversion, GIT and TortoiseSVN perform this management."
translate requirements into visual design,DESIGN,R1 S1.12,skill/competence,http://data.europa.eu/esco/skill/2d6d4784-0992-48e7-b100-22d7229b3f0a,"Develop visual design from given specifications and requirements, based on the analysis of the scope and target audience. Create a visual representation of ideas such as logos, website graphics, digital games and layouts."
TypeScript,TECHNICAL,R5 06,knowledge,http://data.europa.eu/esco/skill/867137fb-ff1b-4ca3-99f3-cb6969aa2c68,"The techniques and principles of software development, such as analysis, algorithms, coding, testing and compiling of programming paradigms in TypeScript."
use access control software,TECHNICAL,R5 S5,skill/competence,http://data.europa.eu/esco/skill/5da73370-f6b9-417d-a94c-09bf01f84aa2,"Utilise software to define the roles and manage user authentication, privileges and access rights to ICT systems, data and services."
use an application-specific interface,TECHNICAL,R5 S5,skill/competence,http://data.europa.eu/esco/skill/04fe962b-4017-4eb7-9139-7d69b6922bc9,Understand and use interfaces particular to an application or use case.
use automatic programming,TECHNICAL,R5 S5,skill/competence,http://data.europa.eu/esco/skill/7d10fcb2-b368-48ab-996b-7c9fafcf68ed,"Utilise specialised software tools to generate computer code from specifications, such as diagrams, structured informations or other means of describing functionality."
use concurrent programming,TECHNICAL,R5 S5,skill/competence,http://data.europa.eu/esco/skill/25b291b5-8245-4d9d-b391-86a8a31d7109,"Utilise specialised ICT tools to create programs that can execute concurrent operations by splitting programs into parallel processes and, once computed, combining the outcomes together."
use e-services,TECHNICAL,R5 S5,skill/competence,http://data.europa.eu/esco/skill/16a00c69-9c74-4c37-96d7-6301d285e5ce,Participate in society through the use of public and private digital services. Seek opportunities for self-empowerment and for participatory citizenship through appropriate digital technologies.
use experience map,TECHNICAL,R5 S5,skill/competence,http://data.europa.eu/esco/skill/0737ad0a-75ac-4696-988b-565820577ac0,"Examine all the interactions and touchpoints people have with a product, brand or service. Determine key variables such as duration and frequency of every touchpoint."
use functional programming,TECHNICAL,R5 S5,skill/competence,http://data.europa.eu/esco/skill/d31fab87-2a7d-485c-b699-2901ca294b15,"Utilise specialised ICT tools to create computer code which treats computation as the evaluation of mathematical functions and seeks to avoid state and mutable data. Use programming languages which support this method such as LISP, PROLOG and Haskell."
use logic programming,TECHNICAL,R5 S5,skill/competence,http://data.europa.eu/esco/skill/2c4e11ef-da18-4e19-816b-e6bc19e12424,"Utilise specialised ICT tools to create computer code composed of series of sentences in logical form, expressing rules and facts about some problem domain. Use programming languages which support this method such as Prolog, Answer Set Programming and Datalog."
use markup languages,TECHNICAL,R5 S5,skill/competence,http://data.europa.eu/esco/skill/0af062de-eb43-41e9-9b96-249e2cd22d26,"Utilise computer languages that are syntactically distinguishable from the text, to add annotations to a document, specify layout and process types of documents such as HTML."
use methodologies for user-centered design,DESIGN,R1 S1.11,skill/competence,http://data.europa.eu/esco/skill/7364cc39-b9c0-449f-9416-57723e2fd9c4,"Use design methodologies in which the needs, wishes and limitations of end users of a product, service or process are given extensive attention at each stage of the design process."
use object-oriented programming,TECHNICAL,R5 S5,skill/competence,http://data.europa.eu/esco/skill/5b9cde20-f1b9-4adc-bfb3-dbf70b14138d,"Utilise specialised ICT tools for programming paradigm based on the concept of objects, which can contain data in the form of fields and code in the form of procedures. Use programming languages which support this method such as JAVA and C++."
use presentation software,TECHNICAL,R5 S5,skill/competence,http://data.europa.eu/esco/skill/234aeb8d-56c3-4531-9193-1c5e6a8d16cb,"Use software tools to create digital presentations which combine various elements, such as graphs, images, text and other multimedia."
use query languages,TECHNICAL,R5 S5,skill/competence,http://data.europa.eu/esco/skill/75f839c2-fd9a-4ad3-8921-6e734608568d,Retrieve information from a database or information system using computer languages designed for the retrieval of data.
use scripting programming,TECHNICAL,R5 S5,skill/competence,http://data.europa.eu/esco/skill/5ef0c719-5bcb-49f8-b8eb-824388225333,"Utilise specialised ICT tools to create computer code that is interpreted by the corresponding run-time environments in order to extend applications and automate common computer operations. Use programming languages which support this method such as Unix Shell scripts, JavaScript, Python and Ruby."
use software design patterns,DESIGN,R1 S1.11,skill/competence,http://data.europa.eu/esco/skill/2b7a79e5-84d8-4880-be66-3d9bb05bea17,"Utilise reusable solutions, formalised best practices, to solve common ICT development tasks in software development and design."
use software libraries,TECHNICAL,R5 S5,skill/competence,http://data.europa.eu/esco/skill/8b94aa1e-89c9-459d-b3b4-1dfab8dec2df,Utilise collections of codes and software packages which capture frequently used routines to help programmers simplify their work.
use word processing software,TECHNICAL,R5 S5,skill/competence,http://data.europa.eu/esco/skill/81633a44-f1db-4a01-a940-804c6905e330,"Use computer software applications for composition, editing, formatting, and printing of any sort of written material."
utilise computer-aided software engineering tools,TECHNICAL,R5 S5,skill/competence,http://data.europa.eu/esco/skill/172020d1-e151-445b-8173-e2a5fb16fe51,"Use software tools (CASE) to support the development lifecycle, design and implementation of software and applications of high-quality that can be easily maintained."
Vagrant,SOFTWARE_TOOL,OVERRIDE: Named software product,knowledge,http://data.europa.eu/esco/skill/6b3afb82-c4ea-4f14-be54-a757fb762663,"The tool Vagrant is a software program to perform configuration identification, control, status accounting and audit."
VBScript,TECHNICAL,R5 06,knowledge,http://data.europa.eu/esco/skill/dcdd5ddf-82a6-4ac3-8edc-d4b23cae9a88,"The techniques and principles of software development, such as analysis, algorithms, coding, testing and compiling of programming paradigms in VBScript."
Visual Basic,TECHNICAL,R5 06,knowledge,http://data.europa.eu/esco/skill/13bdd41a-2a18-441f-96db-41252c519413,"The techniques and principles of software development, such as analysis, algorithms, coding, testing and compiling of programming paradigms in Visual Basic."
visual presentation techniques,CREATIVE,R4 02,knowledge,http://data.europa.eu/esco/skill/348b74cd-49ce-4844-8bdf-ec188b497213,"The visual representation and interaction techniques, such as histograms, scatter plots, surface plots, tree maps and parallel coordinate plots, that can be used to present abstract numerical and non-numerical data, in order to reinforce the human understanding of this information."
Waterfall development,BUSINESS,R3 04,knowledge,http://data.europa.eu/esco/skill/6a876489-7ad8-4a13-b09c-c9b8e97a302e,The waterfall development model is a methodology to design software systems and applications.
web analytics,TECHNICAL,R5 06,knowledge,http://data.europa.eu/esco/skill/1605025e-a179-421f-8f35-5b07d182a6b2,"The characteristics, tools and techniques for measurement, collection, analysis and reporting of web data to get information on the users' behaviour and to improve the performance of a website."
web application security threats,TECHNICAL,R5 06,knowledge,http://data.europa.eu/esco/skill/902fb91c-3113-4004-9b4f-79aa86b638b7,"The attacks, vectors, emergent threats on websites, web applications and web services, the rankings of their severity identified by dedicated communities such as OWASP."
web based collaborative platforms,SOFTWARE_TOOL,OVERRIDE: Class of application software,knowledge,http://data.europa.eu/esco/skill/93e65de1-923c-437e-aa5b-e6002967ce71,Online tools which facilitate communication and collaboration among Internet users in real time. Platforms with a range of functionalities created to facilitate organisational team work or promote productive workflow among other features.
web programming,TECHNICAL,R5 06,knowledge,http://data.europa.eu/esco/skill/69bbd53f-fbb0-4476-b4b2-ef7844464e28,"The programming paradigm that is based on combining markup (which adds context and structure to text) and other web programming code, such as AJAX, javascript and PHP, in order to carry out appropriate actions and visualise the content."
web services,TECHNICAL,R5 06,knowledge,http://data.europa.eu/esco/skill/f84a433f-34f1-4083-b0a3-24802623509c,XML-based information systems that allows for direct interactions between applications through Internet. It is a set of protocols for transferring data between applications and systems.
WebCMS,TECHNICAL,R5 06,knowledge,http://data.europa.eu/esco/skill/5c66ce3a-658d-43b1-9d8d-0f39be6c0f2e,"The web-based software systems used for creating, editing, publishing and archiving blogs, articles, web pages or press releases which are mostly managed by users with limited web programming knowledge."
WildFly,SOFTWARE_TOOL,OVERRIDE: Named software product,knowledge,http://data.europa.eu/esco/skill/b16bcbcb-1d3f-42b3-a6a5-b91348a72b70,The open-source application server JBoss is a Linux based platform which supports Java applications and large websites.
WordPress,SOFTWARE_TOOL,OVERRIDE: Named software product,knowledge,http://data.europa.eu/esco/skill/6d289e8b-2cc1-4eda-ab1f-ad1090ef98f0,"The open-source web-based software systems used for creating, editing, publishing and archiving blogs, articles, web pages or press releases which are mostly managed by users with limited web programming knowledge."
World Wide Web Consortium standards,TECHNICAL,R5 06,knowledge,http://data.europa.eu/esco/skill/8696aff0-18c0-4ba6-a4d0-9a21861b3e5e,"The standards, technical specifications and guidelines developed by the international organisation World Wide Web Consortium (W3C) which allow the design and development of web applications."
Xcode,SOFTWARE_TOOL,OVERRIDE: Named software product,knowledge,http://data.europa.eu/esco/skill/449d119b-2d66-43a9-9230-7d27f16afbb6,"The computer program Xcode is a suite of software development tools for writing programs, such as compiler, debugger, code editor, code highlights, packaged in a unified user interface. It is developed by the software company Apple."
XQuery,TECHNICAL,R5 06,knowledge,http://data.europa.eu/esco/skill/3f4dab51-572b-4e2c-85ef-3b4c3f7094e1,The computer language XQuery is a query language for retrieval of information from a database and of documents containing the needed information. It is developed by the international standards organisation World Wide Web Consortium.
