occupation_name,alias
user experience analyst,usability analyst
user experience analyst,user experience analysts
user experience analyst,user experience officer
user interface designer,accessibility designer
user interface designer,UI designer
user interface designer,user interface designers
user interface developer,front end developer
user interface developer,UI developer
user interface developer,UI developers
user interface developer,UI programmer
user interface developer,user interface developers
user interface developer,user interface engineer
web designer,digital designer
web designer,freelance web designer
web designer,graphic web designer
web designer,interactive web designer
web designer,marketing web designer
web designer,multimedia web designer
web designer,ux designer
web designer,web design consultant
web designer,web graphics designer
web designer,web page designer
web designer,web platform designer
web designer,website designer
web developer,web application developer
web developer,web developers
web developer,web engineer
web developer,web programmer
web developer,web specialist
